id,personeelcode,nr,Voornaam,Achternaam
1,BaBo,0,Ada,Beumer
2,MaSt,1,Manfred,Visscher
3,ReRe,2,Thecla,van Breda
4,CoEg,3,Vanessa,Erkens
5,FeBe,4,Miep,Paulissen
6,BeEi,5,Ilse,Bothe
7,ViWy,0,Hubert,Amsing
14,PaMe,7,Ewout,Kolijn
16,GaDu,8,Gusta,Holt
18,OnWa,9,Henriette,Simon
19,RiPu,6,Carl,Evans
21,MaWi,10,Steven,Barrett
28,DiVe,11,Gianna,Morris
29,PaPr,12,Lilianna,Dixon
30,MiNa,14,William,Fowler
32,LaSo,13,Tyler,Richards
34,JaVo,15,Adrianna,Carroll
35,JeBo,16,George,Moore
36,MeTi,17,Tara,Carroll
37,DiBa,18,Lucia,Hawkins
38,JoWo,20,Sam,Stewart
43,JeZu,22,Alisa,Nelson
44,JaSt,23,Maximilian,Payne
48,MaZa,24,Aston,Foster
50,TaVo,25,Marcus,Mason
53,BaBl,27,Vincent,Wilson
54,KoSt,0,Natalie,Cunningham
55,SaOo,28,Andrew,Ferguson
56,HeHo,29,Ned,Phillips
57,SjLe,30,Thomas,Walker
59,TiOr,38,Sophia,Davis
61,MaLa,36,Mary,Clark
62,JiWe,34,Catherine,Harrison
63,StTi,32,Max,Walker
64,KoMi,33,Stuart,Foster
65,WeGr,37,Aston,Perry
71,FaVe,40,Rubie,Evans
80,SaHa,41,Luke,Carroll
81,BeEc,0,Rafael,Lloyd
86,MoGo,43,Oliver,West
87,TiWo,44,Darcy,Armstrong
89,LuGe,48,Luke,Cole
90,AnFa,47,Honey,Roberts
92,EmOz,51,Justin,Montgomery
93,MoHe,49,Kirsten,Craig
95,HiAy,50,Annabella,Ellis
96,BeKo,46,Amelia,Davis
98,BaBe,45,Jacob,Howard